method,clusters_size,n_cluster,silhouette_score,coph_corr,features
single,[   2 6092    1],3,0.6124638897456236,0.4116036794572511,"['AVG position', '# cyclist races', 'std_dev position']"
single,[6093    1    1],3,0.5286550479816247,0.5302164434081709,"['BMI', '# cyclist races', 'std_dev position']"
single,[   2 6091    1    1],4,0.5174073738108109,0.5302164434081709,"['BMI', '# cyclist races', 'std_dev position']"
single,[   2 6092    1],3,0.516825014289744,0.5719554218504734,"['BMI', 'AVG position', '# cyclist races']"
single,[   2 6090    1    1    1],5,0.5159078950172833,0.5719554218504734,"['BMI', 'AVG position', '# cyclist races']"
single,[   2 6091    1    1],4,0.515783121714694,0.5719554218504734,"['BMI', 'AVG position', '# cyclist races']"
single,[   2 6091    1    1],4,0.49066204564426613,0.4115054722727971,"['AVG position', '# cyclist races', 'birth_year']"
single,[   2 6092    1],3,0.49057081936785857,0.4115054722727971,"['AVG position', '# cyclist races', 'birth_year']"
single,[   1    1 6091    1    1],5,0.4893587746666087,0.4115054722727971,"['AVG position', '# cyclist races', 'birth_year']"
single,[   2 6089    1    1    1    1],6,0.48565165274043237,0.5719554218504734,"['BMI', 'AVG position', '# cyclist races']"
single,[   2 6090    1    1    1],5,0.4780256157631301,0.5302164434081709,"['BMI', '# cyclist races', 'std_dev position']"
single,[6093    1    1],3,0.4750488505377185,0.5333570982641821,"['BMI', '# cyclist races', 'birth_year']"
single,[6092    1    1    1],4,0.47211318532189017,0.5333570982641821,"['BMI', '# cyclist races', 'birth_year']"
single,[   2 6090    1    1    1],5,0.47091767051890926,0.5333570982641821,"['BMI', '# cyclist races', 'birth_year']"
single,[6093    1    1],3,0.46726591164935855,0.48568542330621867,"['BMI', 'AVG position', 'std_dev position']"
single,[6092    2    1],3,0.46025516240838843,0.4643179100756776,"['BMI', 'birth_year', 'std_dev position']"
single,[6093    1    1],3,0.45382627008301546,0.38916415403065147,"['# cyclist races', 'birth_year', 'std_dev position']"
single,[6092    1    1    1],4,0.4477157842767519,0.4643179100756776,"['BMI', 'birth_year', 'std_dev position']"
single,[   2 6089    1    1    1    1],6,0.4396001299624729,0.5333570982641821,"['BMI', '# cyclist races', 'birth_year']"
single,[6092    1    1    1],4,0.4384336044318297,0.48568542330621867,"['BMI', 'AVG position', 'std_dev position']"
single,[   2 6088    1    1    1    1    1],7,0.4357120244719684,0.5333570982641821,"['BMI', '# cyclist races', 'birth_year']"
single,[   2 6086    6    1],4,0.42865490213225327,0.4116036794572511,"['AVG position', '# cyclist races', 'std_dev position']"
single,[6093    1    1],3,0.42840697932136435,0.4478051633948184,"['BMI', 'AVG position', '# cyclist races', 'birth_year']"
single,[   2 6089    1    1    1    1],6,0.42671227743365897,0.5302164434081709,"['BMI', '# cyclist races', 'std_dev position']"
single,[   1    1 6086    6    1],5,0.4240137024596803,0.4116036794572511,"['AVG position', '# cyclist races', 'std_dev position']"
single,[   2 6091    1    1],4,0.4239948962800544,0.3214122481105313,"['AVG position', '# cyclist races', 'birth_year', 'std_dev position']"
single,[   2 6092    1],3,0.42389866566478224,0.3214122481105313,"['AVG position', '# cyclist races', 'birth_year', 'std_dev position']"
single,[   2 6088    1    1    1    1    1],7,0.42347373819400813,0.5302164434081709,"['BMI', '# cyclist races', 'std_dev position']"
single,[6093    1    1],3,0.42290339405604094,0.4441845696029556,"['BMI', 'AVG position', 'birth_year']"
average,[   6 6088    1],3,0.4129496574759485,0.6873810163930579,"['BMI', '# cyclist races', 'std_dev position']"
single,[6093    1    1],3,0.41025636447563874,0.4367846349867365,"['BMI', '# cyclist races', 'birth_year', 'std_dev position']"
single,[   2 6088    1    1    1    1    1],7,0.40914962143962796,0.5719554218504734,"['BMI', 'AVG position', '# cyclist races']"
single,[   2    2 6086    1    1    1    1    1],8,0.40820069767901485,0.5719554218504734,"['BMI', 'AVG position', '# cyclist races']"
single,[6092    1    1    1],4,0.40724038932868395,0.4367846349867365,"['BMI', '# cyclist races', 'birth_year', 'std_dev position']"
single,[6092    1    1    1],4,0.406707528954519,0.38916415403065147,"['# cyclist races', 'birth_year', 'std_dev position']"
single,[   2 6087    1    1    1    1    1    1],8,0.4025026738892991,0.5302164434081709,"['BMI', '# cyclist races', 'std_dev position']"
single,[6092    1    1    1],4,0.39854515191491385,0.4441845696029556,"['BMI', 'AVG position', 'birth_year']"
average,[6091    3    1],3,0.39762721453835204,0.607734959503142,"['BMI', 'AVG position', 'birth_year']"
single,[   1    1 6086    2    4    1],6,0.3965982533464711,0.4116036794572511,"['AVG position', '# cyclist races', 'std_dev position']"
single,[   1    1 6085    1    2    4    1],7,0.38952356402756605,0.4116036794572511,"['AVG position', '# cyclist races', 'std_dev position']"
average,[   6    4 6085],3,0.3879135932168166,0.6759384942324833,"['BMI', 'AVG position', 'std_dev position']"
single,[6091    1    1    1    1],5,0.3844869544748857,0.4643179100756776,"['BMI', 'birth_year', 'std_dev position']"
average,[6093    1    1],3,0.3827873266493668,0.6465653843976875,"['BMI', 'AVG position', 'birth_year', 'std_dev position']"
single,[   1    1 6090    1    1    1],6,0.3744855285961398,0.4115054722727971,"['AVG position', '# cyclist races', 'birth_year']"
ward,[1870 1224 3001],3,0.37271237927980555,0.579416122158785,"['AVG position', '# cyclist races', 'birth_year']"
single,[   1    1 6085    1    2    3    1    1],8,0.37167369987919674,0.4116036794572511,"['AVG position', '# cyclist races', 'std_dev position']"
average,[5600   14  481],3,0.3665263102629233,0.7321469082227238,"['AVG position', '# cyclist races', 'std_dev position']"
ward,[ 709  695  997 3694],4,0.3617036419880731,0.6481231300378678,"['AVG position', '# cyclist races', 'std_dev position']"
single,[6093    1    1],3,0.3613447936742548,0.3414738967914501,"['AVG position', 'birth_year', 'std_dev position']"
average,[1295 4305   14  481],4,0.3605267286862564,0.7321469082227238,"['AVG position', '# cyclist races', 'std_dev position']"
average,[ 288 4330 1477],3,0.3601489039491439,0.7093010981574557,"['AVG position', '# cyclist races', 'birth_year']"
single,[6093    1    1],3,0.3571497087042844,0.41521460314410286,"['BMI', 'AVG position', 'birth_year', 'std_dev position']"
single,[6091    1    1    1    1],5,0.35621379472752146,0.4441845696029556,"['BMI', 'AVG position', 'birth_year']"
single,[6093    1    1],3,0.3557055009102195,0.45123830247130653,"['BMI', 'AVG position', '# cyclist races', 'std_dev position']"
ward,[1404  997 3694],3,0.35310906252220065,0.6481231300378678,"['AVG position', '# cyclist races', 'std_dev position']"
average,[ 228   74 5793],3,0.3483428940900891,0.696428729681956,"['BMI', 'AVG position', '# cyclist races']"
single,[   2 6091    1    1],4,0.34784219835408553,0.45123830247130653,"['BMI', 'AVG position', '# cyclist races', 'std_dev position']"
single,[   2 6090    1    1    1],5,0.3476687617190199,0.4367846349867365,"['BMI', '# cyclist races', 'birth_year', 'std_dev position']"
single,[   2    2 6088    1    1    1],6,0.3458162464819142,0.4367846349867365,"['BMI', '# cyclist races', 'birth_year', 'std_dev position']"
average,[ 227    1   74 5793],4,0.3432582240511816,0.696428729681956,"['BMI', 'AVG position', '# cyclist races']"
single,[6092    1    1    1],4,0.34181848583730773,0.3414738967914501,"['AVG position', 'birth_year', 'std_dev position']"
single,[   2 6090    1    1    1],5,0.3391725314906632,0.38916415403065147,"['# cyclist races', 'birth_year', 'std_dev position']"
average,[   9    5 6081],3,0.33546288544142217,0.5925674235223514,"['BMI', 'AVG position', '# cyclist races', 'birth_year']"
single,[   2    2 6087    1    1    1    1],7,0.3336667989836926,0.4367846349867365,"['BMI', '# cyclist races', 'birth_year', 'std_dev position']"
single,[6090    1    1    1    1    1],6,0.3336244370388345,0.4441845696029556,"['BMI', 'AVG position', 'birth_year']"
single,[   2 6090    1    1    1],5,0.33300089644442266,0.45123830247130653,"['BMI', 'AVG position', '# cyclist races', 'std_dev position']"
single,[   2    2 6086    1    1    1    1    1],8,0.3303629271848944,0.4367846349867365,"['BMI', '# cyclist races', 'birth_year', 'std_dev position']"
average,[  16  657 5422],3,0.3297547502592857,0.7306329163870839,"['AVG position', 'birth_year', 'std_dev position']"
average,[  36  910 3364 1785],4,0.3213333960578283,0.648899385750434,"['# cyclist races', 'birth_year', 'std_dev position']"
average,[  15   83 5997],3,0.31912656318806204,0.6722963856276443,"['BMI', '# cyclist races', 'birth_year']"
single,[   2 6090    1    1    1],5,0.31740460291428224,0.3214122481105313,"['AVG position', '# cyclist races', 'birth_year', 'std_dev position']"
single,[6090    1    1    1    1    1],6,0.31618852883495036,0.4643179100756776,"['BMI', 'birth_year', 'std_dev position']"
average,[   8    4 6083],3,0.3152698557053801,0.5717140454212964,"['BMI', '# cyclist races', 'birth_year', 'std_dev position']"
average,[   4 6090    1],3,0.3145884533343714,0.611377556681824,"['BMI', 'AVG position', '# cyclist races', 'birth_year', 'std_dev position']"
ward,[1581  444 4070],3,0.31365465030129414,0.5411672504564518,"['BMI', '# cyclist races', 'std_dev position']"
single,[6092    1    1    1],4,0.3132762784850476,0.4478051633948184,"['BMI', 'AVG position', '# cyclist races', 'birth_year']"
single,[6089    1    1    1    1    1    1],7,0.3125902524567802,0.4441845696029556,"['BMI', 'AVG position', 'birth_year']"
single,[6092    1    1    1],4,0.3107118523114151,0.41521460314410286,"['BMI', 'AVG position', 'birth_year', 'std_dev position']"
single,[   2 6090    1    1    1],5,0.3087716586609298,0.48568542330621867,"['BMI', 'AVG position', 'std_dev position']"
average,[1295   38 4267   14  481],5,0.3084568664781908,0.7321469082227238,"['AVG position', '# cyclist races', 'std_dev position']"
average,[  16  657  594 4828],4,0.30839586130984964,0.7306329163870839,"['AVG position', 'birth_year', 'std_dev position']"
average,[ 828  467   38 4267   14  481],6,0.30670518484971493,0.7321469082227238,"['AVG position', '# cyclist races', 'std_dev position']"
single,[6093    1    1],3,0.3049533030279339,0.37674838566428887,"['BMI', 'AVG position', '# cyclist races', 'birth_year', 'std_dev position']"
ward,[ 983 1316 1194 2602],4,0.303642038830489,0.5798263134695597,"['# cyclist races', 'birth_year', 'std_dev position']"
ward,[ 709  695  997 1558 2136],5,0.3009283769432119,0.6481231300378678,"['AVG position', '# cyclist races', 'std_dev position']"
ward,[1870 1224 1921 1080],4,0.2990666350750026,0.579416122158785,"['AVG position', '# cyclist races', 'birth_year']"
average,[   6   42  585 5461    1],5,0.29838154504315717,0.6873810163930579,"['BMI', '# cyclist races', 'std_dev position']"
single,[6091    1    1    1    1],5,0.29672373350610914,0.41521460314410286,"['BMI', 'AVG position', 'birth_year', 'std_dev position']"
average,[  19   59 6017],3,0.2965103008399076,0.6193034220308264,"['BMI', 'birth_year', 'std_dev position']"
average,[ 288 4330    2 1475],4,0.2945858745463992,0.7093010981574557,"['AVG position', '# cyclist races', 'birth_year']"
ward,[ 983 1316 3796],3,0.2935537983587143,0.5798263134695597,"['# cyclist races', 'birth_year', 'std_dev position']"
ward,[1870  181 1043 1921 1080],5,0.2924671538550654,0.579416122158785,"['AVG position', '# cyclist races', 'birth_year']"
single,[   2 6089    1    1    1    1],6,0.2908508316322346,0.48568542330621867,"['BMI', 'AVG position', 'std_dev position']"
average,[  36  735  175 3364 1785],5,0.2907118369373342,0.648899385750434,"['# cyclist races', 'birth_year', 'std_dev position']"
average,[  36  910 5149],3,0.28998204540016576,0.648899385750434,"['# cyclist races', 'birth_year', 'std_dev position']"
ward,[ 890 1873 1614 1718],4,0.2895363208598848,0.5386009558751074,"['BMI', '# cyclist races', 'birth_year']"
ward,[ 709  695  311  686 1558 2136],6,0.2892973302949873,0.6481231300378678,"['AVG position', '# cyclist races', 'std_dev position']"
ward,[ 983 1316 1194 1471 1131],5,0.28929610343002565,0.5798263134695597,"['# cyclist races', 'birth_year', 'std_dev position']"
complete,[ 961 3038  405 1691],4,0.2889765143823022,0.5746376714448276,"['AVG position', '# cyclist races', 'birth_year', 'std_dev position']"
single,[6091    1    1    1    1],5,0.2880728342762093,0.4478051633948184,"['BMI', 'AVG position', '# cyclist races', 'birth_year']"
complete,[  65 1171  759 1684 2416],5,0.28754067821048707,0.5324212554077796,"['AVG position', '# cyclist races', 'birth_year']"
average,[   6   42 6046    1],4,0.28694450112139097,0.6873810163930579,"['BMI', '# cyclist races', 'std_dev position']"
ward,[ 983  724  592 1194 1471  419  712],7,0.286454893782576,0.5798263134695597,"['# cyclist races', 'birth_year', 'std_dev position']"
average,[  15   83  741 5256],4,0.2861731543817729,0.6722963856276443,"['BMI', '# cyclist races', 'birth_year']"
single,[   2 6089    1    1    1    1],6,0.2861265925585277,0.4478051633948184,"['BMI', 'AVG position', '# cyclist races', 'birth_year']"
single,[   2 6088    1    1    1    1    1],7,0.2847656001059647,0.4478051633948184,"['BMI', 'AVG position', '# cyclist races', 'birth_year']"
single,[   2 6087    1    1    1    1    1    1],8,0.28436282804701996,0.4478051633948184,"['BMI', 'AVG position', '# cyclist races', 'birth_year']"
complete,[  65  337  834  759 1684 2416],6,0.283757595588801,0.5324212554077796,"['AVG position', '# cyclist races', 'birth_year']"
ward,[ 943 1494 3658],3,0.28299553684075524,0.5402717964707184,"['BMI', 'AVG position', '# cyclist races']"
single,[6088    1    1    1    1    1    1    1],8,0.281915416421557,0.4441845696029556,"['BMI', 'AVG position', 'birth_year']"
ward,[ 983  724  592 1194 1471 1131],6,0.28152021131552796,0.5798263134695597,"['# cyclist races', 'birth_year', 'std_dev position']"
average,[  15  273 4330    2 1475],5,0.281247324378874,0.7093010981574557,"['AVG position', '# cyclist races', 'birth_year']"
single,[   2 6087    1    1    1    1    1    1],8,0.28062051131581284,0.5333570982641821,"['BMI', '# cyclist races', 'birth_year']"
average,[  30  542 1575 3948],4,0.28055360277952335,0.6606532166281184,"['AVG position', '# cyclist races', 'birth_year', 'std_dev position']"
complete,[ 961 3038 2096],3,0.28042944157741817,0.5746376714448276,"['AVG position', '# cyclist races', 'birth_year', 'std_dev position']"
ward,[ 404 3046  860 1785],4,0.2786362584649296,0.5361687208527611,"['AVG position', 'birth_year', 'std_dev position']"
average,[   2   14 6079],3,0.2772115880527205,0.6516154459179844,"['BMI', 'AVG position', '# cyclist races', 'std_dev position']"
single,[   2 6089    1    1    1    1],6,0.2757321535823975,0.45123830247130653,"['BMI', 'AVG position', '# cyclist races', 'std_dev position']"
ward,[ 983  724  592 1194  656  815  419  712],8,0.27445386094222235,0.5798263134695597,"['# cyclist races', 'birth_year', 'std_dev position']"
ward,[ 709  377  318  311  686 1558  803 1333],8,0.27309985514286284,0.6481231300378678,"['AVG position', '# cyclist races', 'std_dev position']"
single,[   2 6087    1    1    1    1    1    1],8,0.2728683638948135,0.45123830247130653,"['BMI', 'AVG position', '# cyclist races', 'std_dev position']"
single,[   2 6088    1    1    1    1    1],7,0.2727181489301707,0.45123830247130653,"['BMI', 'AVG position', '# cyclist races', 'std_dev position']"
complete,[  18  943 3038  405 1691],5,0.27160179459927986,0.5746376714448276,"['AVG position', '# cyclist races', 'birth_year', 'std_dev position']"
ward,[ 890 1873 3332],3,0.26751722702585,0.5386009558751074,"['BMI', '# cyclist races', 'birth_year']"
average,[ 828  467   38  541 1042 2684   14  481],8,0.26722359559894354,0.7321469082227238,"['AVG position', '# cyclist races', 'std_dev position']"
ward,[ 709  695  311  686 1558  803 1333],7,0.2666503015710929,0.6481231300378678,"['AVG position', '# cyclist races', 'std_dev position']"
ward,[3450  860 1785],3,0.26573996634206115,0.5361687208527611,"['AVG position', 'birth_year', 'std_dev position']"
average,[  30  526   16 1575 3948],5,0.2657293101319488,0.6606532166281184,"['AVG position', '# cyclist races', 'birth_year', 'std_dev position']"
average,[  30  526   16 1575 3344  604],6,0.2648206453546639,0.6606532166281184,"['AVG position', '# cyclist races', 'birth_year', 'std_dev position']"
average,[  16  657  375  217    2   81 1640 3107],8,0.263685503474523,0.7306329163870839,"['AVG position', 'birth_year', 'std_dev position']"
ward,[ 890 1873 1614  645 1073],5,0.2630109650888346,0.5386009558751074,"['BMI', '# cyclist races', 'birth_year']"
average,[  36  735  175 3364  384 1401],6,0.2621968718155633,0.648899385750434,"['# cyclist races', 'birth_year', 'std_dev position']"
ward,[2010 1197 2888],3,0.26214664642348773,0.5176408529731459,"['AVG position', '# cyclist races', 'birth_year', 'std_dev position']"
average,[  30  526   15    1 1575 3344  604],7,0.2618929569410791,0.6606532166281184,"['AVG position', '# cyclist races', 'birth_year', 'std_dev position']"
ward,[1581  444 1412 2658],4,0.2610603835384347,0.5411672504564518,"['BMI', '# cyclist races', 'std_dev position']"
complete,[ 111  709  701 1252 1032 2290],6,0.260851746288662,0.5919524146001129,"['# cyclist races', 'birth_year', 'std_dev position']"
average,[ 658 5435    1    1],4,0.25950210267388235,0.6465653843976875,"['BMI', 'AVG position', 'birth_year', 'std_dev position']"
average,[  36  735   10  165 3364  384 1401],7,0.25825274454588837,0.648899385750434,"['# cyclist races', 'birth_year', 'std_dev position']"
average,[  36  735   10  164    1 3364  384 1401],8,0.2572039880281821,0.648899385750434,"['# cyclist races', 'birth_year', 'std_dev position']"
single,[6092    1    1    1],4,0.2567450856601255,0.37674838566428887,"['BMI', 'AVG position', '# cyclist races', 'birth_year', 'std_dev position']"
complete,[ 111  709   11  690 1252 1032 2290],7,0.25612948513792844,0.5919524146001129,"['# cyclist races', 'birth_year', 'std_dev position']"
complete,[ 820  701 1252 3322],4,0.2548234548242004,0.5919524146001129,"['# cyclist races', 'birth_year', 'std_dev position']"
ward,[2382 1099 2614],3,0.25292247652689054,0.47219861565531174,"['BMI', 'AVG position', '# cyclist races', 'birth_year']"
ward,[ 768  813  444  609  803  766  632 1260],8,0.2523923402468761,0.5411672504564518,"['BMI', '# cyclist races', 'std_dev position']"
average,[ 828  467   38  541 3726   14  481],7,0.25101450962759486,0.7321469082227238,"['AVG position', '# cyclist races', 'std_dev position']"
average,[   2   14  281 5798],4,0.25087461772309577,0.6516154459179844,"['BMI', 'AVG position', '# cyclist races', 'std_dev position']"
ward,[ 541  349 1873 1614  645 1073],6,0.2502368580416375,0.5386009558751074,"['BMI', '# cyclist races', 'birth_year']"
single,[   2 6088    1    1    1    1    1],7,0.2491408159631223,0.48568542330621867,"['BMI', 'AVG position', 'std_dev position']"
average,[   6   42  585   30 5431    1],6,0.24863116844480893,0.6873810163930579,"['BMI', '# cyclist races', 'std_dev position']"
complete,[ 111   28  681   11  690 1252 1032 2290],8,0.2462791315941047,0.5919524146001129,"['# cyclist races', 'birth_year', 'std_dev position']"
ward,[ 943 1494 1269 2389],4,0.2458407354465496,0.5402717964707184,"['BMI', 'AVG position', '# cyclist races']"
average,[  30  542 5523],3,0.24570833821191523,0.6606532166281184,"['AVG position', '# cyclist races', 'birth_year', 'std_dev position']"
ward,[ 550 1154 1931 2460],4,0.24532363323949,0.5372085842859842,"['BMI', 'birth_year', 'std_dev position']"
ward,[ 900  970  181 1043  936  985  479  601],8,0.24503009391533437,0.579416122158785,"['AVG position', '# cyclist races', 'birth_year']"
ward,[ 900  970  181 1043 1921  479  601],7,0.24417348670544514,0.579416122158785,"['AVG position', '# cyclist races', 'birth_year']"
ward,[ 768  813  444  609  803  766 1892],7,0.24334113212073707,0.5411672504564518,"['BMI', '# cyclist races', 'std_dev position']"
ward,[ 900  970  181 1043 1921 1080],6,0.24319015853983544,0.579416122158785,"['AVG position', '# cyclist races', 'birth_year']"
ward,[ 629 1381 1197 1854 1034],5,0.24276704012445227,0.5176408529731459,"['AVG position', '# cyclist races', 'birth_year', 'std_dev position']"
ward,[2593 1297 2205],3,0.2424278062524374,0.4752560134890202,"['BMI', 'AVG position', 'birth_year']"
complete,[  65  337  834  461  298 1684 2416],7,0.23962164832504929,0.5324212554077796,"['AVG position', '# cyclist races', 'birth_year']"
average,[ 227    1   74 5740   53],5,0.23951249531774094,0.696428729681956,"['BMI', 'AVG position', '# cyclist races']"
ward,[1704 1931 2460],3,0.23869601558011713,0.5372085842859842,"['BMI', 'birth_year', 'std_dev position']"
ward,[ 629 1381 1197 2888],4,0.23753543744252426,0.5176408529731459,"['AVG position', '# cyclist races', 'birth_year', 'std_dev position']"
complete,[ 111  709  701 1252 3322],5,0.23648600985147664,0.5919524146001129,"['# cyclist races', 'birth_year', 'std_dev position']"
single,[   2    2 6086    1    1    1    1    1],8,0.23570230733723965,0.48568542330621867,"['BMI', 'AVG position', 'std_dev position']"
ward,[ 768  813  444 1412  766 1892],6,0.23331752411933915,0.5411672504564518,"['BMI', '# cyclist races', 'std_dev position']"
ward,[1581  444 1412  766 1892],5,0.23204784336519754,0.5411672504564518,"['BMI', '# cyclist races', 'std_dev position']"
ward,[ 888  999 4208],3,0.23120438983751113,0.5006933854311281,"['BMI', 'AVG position', '# cyclist races', 'std_dev position']"
single,[   2 6089    1    1    1    1],6,0.23050081955876026,0.3214122481105313,"['AVG position', '# cyclist races', 'birth_year', 'std_dev position']"
single,[   2 6089    1    1    1    1],6,0.22910305177289558,0.41521460314410286,"['BMI', 'AVG position', 'birth_year', 'std_dev position']"
average,[ 227    1   74 5740   52    1],6,0.22879117847080283,0.696428729681956,"['BMI', 'AVG position', '# cyclist races']"
average,[   6   19   23  585   30 5431    1],7,0.2279822341682808,0.6873810163930579,"['BMI', '# cyclist races', 'std_dev position']"
single,[6089    1    1    1    1    1    1],7,0.2261459800395635,0.4643179100756776,"['BMI', 'birth_year', 'std_dev position']"
average,[   3  224    1   74 5740   52    1],7,0.22578711874270138,0.696428729681956,"['BMI', 'AVG position', '# cyclist races']"
complete,[  65  337   96  738  461  298 1684 2416],8,0.22556980719900568,0.5324212554077796,"['AVG position', '# cyclist races', 'birth_year']"
ward,[ 629  797  584  323  874 1854  546  488],8,0.22494029884680292,0.5176408529731459,"['AVG position', '# cyclist races', 'birth_year', 'std_dev position']"
ward,[ 943 1494 1269  741 1648],5,0.22446338130084018,0.5402717964707184,"['BMI', 'AVG position', '# cyclist races']"
average,[   9    5 6024   57],4,0.22366731375103438,0.5925674235223514,"['BMI', 'AVG position', '# cyclist races', 'birth_year']"
ward,[1422 1114 3559],3,0.22366693747249108,0.524526744208222,"['BMI', '# cyclist races', 'birth_year', 'std_dev position']"
average,[   6   19   22    1  585   30 5431    1],8,0.22293532385000542,0.6873810163930579,"['BMI', '# cyclist races', 'std_dev position']"
ward,[ 404 1572 1474  860 1785],5,0.22244762373073781,0.5361687208527611,"['AVG position', 'birth_year', 'std_dev position']"
average,[  30  526   15    1 1575 3344  144  460],8,0.22223010348456096,0.6606532166281184,"['AVG position', '# cyclist races', 'birth_year', 'std_dev position']"
ward,[ 629  797  584 1197 1854 1034],6,0.22195856565388578,0.5176408529731459,"['AVG position', '# cyclist races', 'birth_year', 'std_dev position']"
average,[  15  272    1   49  737 3544    2 1475],8,0.2200006075207785,0.7093010981574557,"['AVG position', '# cyclist races', 'birth_year']"
ward,[ 550 1154 1931  784 1676],5,0.21989448631466257,0.5372085842859842,"['BMI', 'birth_year', 'std_dev position']"
complete,[  41 3299 2755],3,0.219590085959304,0.49658980694160143,"['AVG position', '# cyclist races', 'std_dev position']"
complete,[  41 2512  787 1194  349 1212],6,0.21932659973984206,0.49658980694160143,"['AVG position', '# cyclist races', 'std_dev position']"
average,[6025   66    3    1],4,0.2181245309025366,0.607734959503142,"['BMI', 'AVG position', 'birth_year']"
ward,[ 629  797  584  323  874 1854 1034],7,0.21794655449177291,0.5176408529731459,"['AVG position', '# cyclist races', 'birth_year', 'std_dev position']"
average,[  16  657  594   81 4747],5,0.21741547858226762,0.7306329163870839,"['AVG position', 'birth_year', 'std_dev position']"
single,[6091    1    1    1    1],5,0.21724936001914377,0.37674838566428887,"['BMI', 'AVG position', '# cyclist races', 'birth_year', 'std_dev position']"
average,[   6    4   30 1008 5047],5,0.21654262821846407,0.6759384942324833,"['BMI', 'AVG position', 'std_dev position']"
ward,[2382 1099  951 1663],4,0.21641173164913816,0.47219861565531174,"['BMI', 'AVG position', '# cyclist races', 'birth_year']"
average,[   6    4   30 6055],4,0.21630190568932547,0.6759384942324833,"['BMI', 'AVG position', 'std_dev position']"
ward,[ 943  342 1152 1269  741 1648],6,0.2155197720241278,0.5402717964707184,"['BMI', 'AVG position', '# cyclist races']"
ward,[ 647  879 1500 3069],4,0.21359010571501313,0.5511885213277992,"['BMI', 'AVG position', 'std_dev position']"
complete,[  41 2512  787 1194 1561],5,0.213571293805599,0.49658980694160143,"['AVG position', '# cyclist races', 'std_dev position']"
ward,[ 404 1572  677  797  860 1785],6,0.2119648301801602,0.5361687208527611,"['AVG position', 'birth_year', 'std_dev position']"
average,[6025   65    1    3    1],5,0.21163001441712115,0.607734959503142,"['BMI', 'AVG position', 'birth_year']"
ward,[ 541  349  776 1097 1614  645 1073],7,0.20940422654709262,0.5386009558751074,"['BMI', '# cyclist races', 'birth_year']"
complete,[1087   21 4987],3,0.2087748471951038,0.4489727506719523,"['BMI', 'AVG position', 'std_dev position']"
complete,[  18  943  365 2673  405 1691],6,0.207698910088818,0.5746376714448276,"['AVG position', '# cyclist races', 'birth_year', 'std_dev position']"
ward,[ 351  592  342 1152 1269  741 1648],7,0.20726115345687646,0.5402717964707184,"['BMI', 'AVG position', '# cyclist races']"
ward,[1422 1114 1440 2119],4,0.20678964340365344,0.524526744208222,"['BMI', '# cyclist races', 'birth_year', 'std_dev position']"
average,[4984 1041   65    1    3    1],6,0.2063582244009049,0.607734959503142,"['BMI', 'AVG position', 'birth_year']"
ward,[1545 1188 3362],3,0.20539875784242512,0.47823057543705194,"['BMI', 'AVG position', '# cyclist races', 'birth_year', 'std_dev position']"
complete,[1419  127 4549],3,0.20497514400233555,0.4926439371302599,"['BMI', '# cyclist races', 'std_dev position']"
ward,[ 550 1154  905 1026  784 1676],6,0.2045296343727839,0.5372085842859842,"['BMI', 'birth_year', 'std_dev position']"
ward,[1526 1500 3069],3,0.2042847917977177,0.5511885213277992,"['BMI', 'AVG position', 'std_dev position']"
ward,[ 351  592  342 1152 1269  741  404 1244],8,0.20380481772480796,0.5402717964707184,"['BMI', 'AVG position', '# cyclist races']"
ward,[1510  446  637 1297 2205],5,0.20375053927097111,0.4752560134890202,"['BMI', 'AVG position', 'birth_year']"
average,[  16  657  375  219   81 4747],6,0.20371275972307026,0.7306329163870839,"['AVG position', 'birth_year', 'std_dev position']"
complete,[  41 2512  520  267 1194  349 1212],7,0.20340983846752633,0.49658980694160143,"['AVG position', '# cyclist races', 'std_dev position']"
average,[   8    4   36 6047],4,0.20337372948294027,0.5717140454212964,"['BMI', '# cyclist races', 'birth_year', 'std_dev position']"
single,[6090    1    1    1    1    1],6,0.20305777886006746,0.37674838566428887,"['BMI', 'AVG position', '# cyclist races', 'birth_year', 'std_dev position']"
ward,[ 595  827 1114 1440  964 1155],6,0.2026141600095333,0.524526744208222,"['BMI', '# cyclist races', 'birth_year', 'std_dev position']"
complete,[ 505  401  142  625  936  576 1807 1103],8,0.20238573176993,0.49287790979590473,"['AVG position', 'birth_year', 'std_dev position']"
complete,[  18  943  365 2673  405  202 1489],7,0.202200298076392,0.5746376714448276,"['AVG position', '# cyclist races', 'birth_year', 'std_dev position']"
average,[   3  224    1   28   46 5740   52    1],8,0.20177328874915196,0.696428729681956,"['BMI', 'AVG position', '# cyclist races']"
ward,[ 550  440  714  905 1026  784  251 1425],8,0.20161209469118582,0.5372085842859842,"['BMI', 'birth_year', 'std_dev position']"
ward,[1545 1188  549 2813],4,0.20099244284264184,0.47823057543705194,"['BMI', 'AVG position', '# cyclist races', 'birth_year', 'std_dev position']"
average,[  16  657  375  217    2   81 4747],7,0.20093808714842487,0.7306329163870839,"['AVG position', 'birth_year', 'std_dev position']"
ward,[ 550  440  714  905 1026  784 1676],7,0.19862409398072445,0.5372085842859842,"['BMI', 'birth_year', 'std_dev position']"
complete,[  41 2512  520  267   28 1166  349 1212],8,0.1983384795292827,0.49658980694160143,"['AVG position', '# cyclist races', 'std_dev position']"
ward,[1510 1083 1297 2205],4,0.1978165028221961,0.4752560134890202,"['BMI', 'AVG position', 'birth_year']"
ward,[1094 2475  663 1863],4,0.197364443059531,0.5447676461293015,"['BMI', 'AVG position', 'birth_year', 'std_dev position']"
average,[  19   59    8 6009],4,0.19719374589682753,0.6193034220308264,"['BMI', 'birth_year', 'std_dev position']"
ward,[ 595  827  244  870 1440  964 1155],7,0.19701527055029297,0.524526744208222,"['BMI', '# cyclist races', 'birth_year', 'std_dev position']"
ward,[ 404 1572  677  797  242  618  671 1114],8,0.19673520560884442,0.5361687208527611,"['AVG position', 'birth_year', 'std_dev position']"
complete,[  18  596  347  365 2673  405  202 1489],8,0.19318392458674638,0.5746376714448276,"['AVG position', '# cyclist races', 'birth_year', 'std_dev position']"
ward,[1422 1114 1440  964 1155],5,0.19305790987464297,0.524526744208222,"['BMI', '# cyclist races', 'birth_year', 'std_dev position']"
average,[   4   44 6046    1],4,0.19294094825060112,0.611377556681824,"['BMI', 'AVG position', '# cyclist races', 'birth_year', 'std_dev position']"
average,[  15   83  741 5174   82],5,0.1922229201383738,0.6722963856276443,"['BMI', '# cyclist races', 'birth_year']"
average,[  15  273   49 4281    2 1475],6,0.1918290723900086,0.7093010981574557,"['AVG position', '# cyclist races', 'birth_year']"
complete,[ 168  836  395  105 2275  755  565  996],8,0.1911266281959305,0.4620344504958232,"['BMI', '# cyclist races', 'birth_year']"
single,[   2 6087    1    1    1    1    1    1],8,0.19054417568475362,0.4643179100756776,"['BMI', 'birth_year', 'std_dev position']"
ward,[ 888  999 1643 1370 1195],5,0.1892960987616396,0.5006933854311281,"['BMI', 'AVG position', '# cyclist races', 'std_dev position']"
average,[  15  272    1   49 4281    2 1475],7,0.18905653152797183,0.7093010981574557,"['AVG position', '# cyclist races', 'birth_year']"
ward,[ 888  999 1643 1370  668  527],6,0.18863657567330577,0.5006933854311281,"['BMI', 'AVG position', '# cyclist races', 'std_dev position']"
ward,[ 404 1572  677  797  860  671 1114],7,0.18803230669222112,0.5361687208527611,"['AVG position', 'birth_year', 'std_dev position']"
ward,[1382  489  511 1099  951 1093  570],7,0.18693542721912884,0.47219861565531174,"['BMI', 'AVG position', '# cyclist races', 'birth_year']"
ward,[1545 1188  549  736 2077],5,0.18682533940757884,0.47823057543705194,"['BMI', 'AVG position', '# cyclist races', 'birth_year', 'std_dev position']"
ward,[ 595  379  448  244  870 1440  964 1155],8,0.18577732369748856,0.524526744208222,"['BMI', '# cyclist races', 'birth_year', 'std_dev position']"
ward,[ 647  879 1500 1038 1273  758],6,0.18536950615016157,0.5511885213277992,"['BMI', 'AVG position', 'std_dev position']"
single,[   2 6088    1    1    1    1    1],7,0.1841938018491293,0.41521460314410286,"['BMI', 'AVG position', 'birth_year', 'std_dev position']"
average,[4984   25 1016   65    1    3    1],7,0.184176586761081,0.607734959503142,"['BMI', 'AVG position', 'birth_year']"
ward,[ 541  349  776 1097  789  825  645 1073],8,0.18400386257075882,0.5386009558751074,"['BMI', '# cyclist races', 'birth_year']"
complete,[1399  105 2275  755 1561],5,0.183566360829029,0.4620344504958232,"['BMI', '# cyclist races', 'birth_year']"
ward,[1382 1000 1099  951 1093  570],6,0.18244582668491505,0.47219861565531174,"['BMI', 'AVG position', '# cyclist races', 'birth_year']"
complete,[1419  127   33 1671 2845],5,0.1823948698567183,0.4926439371302599,"['BMI', '# cyclist races', 'std_dev position']"
ward,[ 647  879 1500 1038 2031],5,0.18212831684585962,0.5511885213277992,"['BMI', 'AVG position', 'std_dev position']"
complete,[ 168 1231  105 2275  755 1561],6,0.18169232529497503,0.4620344504958232,"['BMI', '# cyclist races', 'birth_year']"
single,[   2 6087    1    1    1    1    1    1],8,0.18149469228425905,0.41521460314410286,"['BMI', 'AVG position', 'birth_year', 'std_dev position']"
ward,[1382  489  511  270  829  951 1093  570],8,0.1810944362570804,0.47219861565531174,"['BMI', 'AVG position', '# cyclist races', 'birth_year']"
ward,[1094  994 1481  663 1863],5,0.1810490995994881,0.5447676461293015,"['BMI', 'AVG position', 'birth_year', 'std_dev position']"
ward,[1094 2475 2526],3,0.18097640383464056,0.5447676461293015,"['BMI', 'AVG position', 'birth_year', 'std_dev position']"
average,[  13    6    8   51    8    3 4035 1971],8,0.1807985188637471,0.6193034220308264,"['BMI', 'birth_year', 'std_dev position']"
ward,[1382 1000 1099  951 1663],5,0.18056263310311002,0.47219861565531174,"['BMI', 'AVG position', '# cyclist races', 'birth_year']"
ward,[1510  446  637  508  789  967 1238],7,0.1802094983061624,0.4752560134890202,"['BMI', 'AVG position', 'birth_year']"
ward,[ 647  432  447 1500 1038 1273  758],7,0.18015581481296605,0.5511885213277992,"['BMI', 'AVG position', 'std_dev position']"
ward,[ 888  410  589 1643 1370  668  527],7,0.17986360997396272,0.5006933854311281,"['BMI', 'AVG position', '# cyclist races', 'std_dev position']"
ward,[ 647  432  447 1500 1038 1273  506  252],8,0.17960916805046312,0.5511885213277992,"['BMI', 'AVG position', 'std_dev position']"
complete,[1419  127   33 4516],4,0.17828302050662073,0.4926439371302599,"['BMI', '# cyclist races', 'std_dev position']"
ward,[1510  446  637 1297  967 1238],6,0.1778235469318644,0.4752560134890202,"['BMI', 'AVG position', 'birth_year']"
ward,[1510  446  637  508  789  967  459  779],8,0.1778080504020955,0.4752560134890202,"['BMI', 'AVG position', 'birth_year']"
complete,[ 149 2755 3191],3,0.17765941240708713,0.46095406180265636,"['BMI', 'AVG position', '# cyclist races']"
complete,[ 505  401  142  625  936  576 2910],7,0.17743015687881733,0.49287790979590473,"['AVG position', 'birth_year', 'std_dev position']"
ward,[ 888  999 1643 2565],4,0.17655755669832854,0.5006933854311281,"['BMI', 'AVG position', '# cyclist races', 'std_dev position']"
complete,[1236  759 4100],3,0.17567239959210404,0.5324212554077796,"['AVG position', '# cyclist races', 'birth_year']"
single,[   2    2 6086    1    1    1    1    1],8,0.17544700133690644,0.38916415403065147,"['# cyclist races', 'birth_year', 'std_dev position']"
single,[   2    2 6087    1    1    1    1],7,0.17522183750849074,0.38916415403065147,"['# cyclist races', 'birth_year', 'std_dev position']"
average,[   4   44  924 5122    1],5,0.17497521427839513,0.611377556681824,"['BMI', 'AVG position', '# cyclist races', 'birth_year', 'std_dev position']"
complete,[ 505 1168  936  576 2910],5,0.1749047463356794,0.49287790979590473,"['AVG position', 'birth_year', 'std_dev position']"
single,[   2 6089    1    1    1    1],6,0.17455001243634433,0.38916415403065147,"['# cyclist races', 'birth_year', 'std_dev position']"
complete,[1399  105 4591],3,0.17339837432276506,0.4620344504958232,"['BMI', '# cyclist races', 'birth_year']"
complete,[ 505  401  767  936  576 2910],6,0.17243385403821024,0.49287790979590473,"['AVG position', 'birth_year', 'std_dev position']"
complete,[ 300 1161 4634],3,0.16991223438839678,0.4520668779371444,"['BMI', 'AVG position', '# cyclist races', 'std_dev position']"
complete,[  41 3299 1194 1561],4,0.16886601847758523,0.49658980694160143,"['AVG position', '# cyclist races', 'std_dev position']"
average,[  15   21   62  741 5174   82],6,0.16799908424965088,0.6722963856276443,"['BMI', '# cyclist races', 'birth_year']"
average,[ 658   57 5378    1    1],5,0.1652521269430707,0.6465653843976875,"['BMI', 'AVG position', 'birth_year', 'std_dev position']"
ward,[1094  994 1481  663  486 1377],6,0.16310831024993455,0.5447676461293015,"['BMI', 'AVG position', 'birth_year', 'std_dev position']"
average,[   2   14  281   25 5773],5,0.16258989379226343,0.6516154459179844,"['BMI', 'AVG position', '# cyclist races', 'std_dev position']"
complete,[ 144 1275  127   33 1671 2845],6,0.16252412264292967,0.4926439371302599,"['BMI', '# cyclist races', 'std_dev position']"
complete,[ 168  836  395  105 2275  755 1561],7,0.15934329879084905,0.4620344504958232,"['BMI', '# cyclist races', 'birth_year']"
ward,[1545 1188  549  736  790 1287],6,0.1588480622697067,0.47823057543705194,"['BMI', 'AVG position', '# cyclist races', 'birth_year', 'std_dev position']"
single,[6089    1    1    1    1    1    1],7,0.1587586784740625,0.37674838566428887,"['BMI', 'AVG position', '# cyclist races', 'birth_year', 'std_dev position']"
ward,[ 888  410  589  503 1140 1370  668  527],8,0.15791970201175043,0.5006933854311281,"['BMI', 'AVG position', '# cyclist races', 'std_dev position']"
average,[   2   14  280    1   25 5773],6,0.15719971922780382,0.6516154459179844,"['BMI', 'AVG position', '# cyclist races', 'std_dev position']"
average,[   6    4   30 1008  148 4899],6,0.15659653617081792,0.6759384942324833,"['BMI', 'AVG position', 'std_dev position']"
single,[   2 6087    1    1    1    1    1    1],8,0.1565671062062072,0.37674838566428887,"['BMI', 'AVG position', '# cyclist races', 'birth_year', 'std_dev position']"
complete,[ 149 2526  229  230  557 2404],6,0.15633228244816055,0.46095406180265636,"['BMI', 'AVG position', '# cyclist races']"
single,[6091    1    1    1    1],5,0.15546813941051862,0.3414738967914501,"['AVG position', 'birth_year', 'std_dev position']"
average,[   2    4    4   30 1008  148 4899],7,0.15474346112663434,0.6759384942324833,"['BMI', 'AVG position', 'std_dev position']"
average,[   9    5 6024   28   29],5,0.15465939416938929,0.5925674235223514,"['BMI', 'AVG position', '# cyclist races', 'birth_year']"
average,[ 658   56    1   28  633 4717    1    1],8,0.15455264530874788,0.6465653843976875,"['BMI', 'AVG position', 'birth_year', 'std_dev position']"
complete,[ 312  352 1048 1409  279 1873  822],7,0.15227516261989604,0.4665564083232723,"['BMI', 'AVG position', 'birth_year']"
complete,[  65 1171  759 4100],4,0.15151139143776182,0.5324212554077796,"['AVG position', '# cyclist races', 'birth_year']"
complete,[ 820  701 4574],3,0.1514663512866852,0.5919524146001129,"['# cyclist races', 'birth_year', 'std_dev position']"
complete,[ 505 1168  936 3486],4,0.1505246151689565,0.49287790979590473,"['AVG position', 'birth_year', 'std_dev position']"
ward,[ 472  622  994 1481  357  306  486 1377],8,0.14999681810121307,0.5447676461293015,"['BMI', 'AVG position', 'birth_year', 'std_dev position']"
complete,[ 144  795  480  127   33 1671 2845],7,0.1488982899498271,0.4926439371302599,"['BMI', '# cyclist races', 'std_dev position']"
complete,[ 312    6  346 1048 1409  279 1873  822],8,0.14869885550635367,0.4665564083232723,"['BMI', 'AVG position', 'birth_year']"
complete,[ 974  188 4933],3,0.1481437525165701,0.46601319342003034,"['BMI', 'AVG position', '# cyclist races', 'birth_year']"
complete,[ 149 2755  230 2961],4,0.14487172967426748,0.46095406180265636,"['BMI', 'AVG position', '# cyclist races']"
ward,[ 472  622  994 1481  663  486 1377],7,0.14454429319133785,0.5447676461293015,"['BMI', 'AVG position', 'birth_year', 'std_dev position']"
complete,[ 664 2457 2974],3,0.1440048907912434,0.4665564083232723,"['BMI', 'AVG position', 'birth_year']"
complete,[1399  105 2275 2316],4,0.14327768782429523,0.4620344504958232,"['BMI', '# cyclist races', 'birth_year']"
complete,[ 149 2526   47  182  230  557 2404],7,0.14226101152721543,0.46095406180265636,"['BMI', 'AVG position', '# cyclist races']"
complete,[ 580 2511 2012  992],4,0.14191740990476523,0.46373518702773603,"['BMI', 'AVG position', 'birth_year', 'std_dev position']"
complete,[ 588  499   21 2241  834  849 1063],7,0.14155999650116138,0.4489727506719523,"['BMI', 'AVG position', 'std_dev position']"
complete,[ 974  188  660 1617 1420 1236],6,0.14053553757543602,0.46601319342003034,"['BMI', 'AVG position', '# cyclist races', 'birth_year']"
ward,[ 511 1034 1188  549  736  790 1287],7,0.1399284704748875,0.47823057543705194,"['BMI', 'AVG position', '# cyclist races', 'birth_year', 'std_dev position']"
complete,[ 149 2526   47  182  230  557  477 1927],8,0.13769777826626034,0.46095406180265636,"['BMI', 'AVG position', '# cyclist races']"
average,[ 658   57   28 5350    1    1],6,0.137617439308914,0.6465653843976875,"['BMI', 'AVG position', 'birth_year', 'std_dev position']"
average,[   2    4    4   30  975   33  148 4899],8,0.1375833662060452,0.6759384942324833,"['BMI', 'AVG position', 'std_dev position']"
complete,[ 144  795   34  446  127   33 1671 2845],8,0.13715686919391792,0.4926439371302599,"['BMI', '# cyclist races', 'std_dev position']"
ward,[ 511 1034  261  927  549  736  790 1287],8,0.136999990614105,0.47823057543705194,"['BMI', 'AVG position', '# cyclist races', 'birth_year', 'std_dev position']"
complete,[1087   21 2241  834  849 1063],6,0.1367921282690587,0.4489727506719523,"['BMI', 'AVG position', 'std_dev position']"
complete,[1087   21 3075 1912],4,0.1363749915433117,0.4489727506719523,"['BMI', 'AVG position', 'std_dev position']"
average,[  19   59    8    3 6006],5,0.13502701675794176,0.6193034220308264,"['BMI', 'birth_year', 'std_dev position']"
average,[   8    4   36   52 5995],5,0.13445926142753584,0.5717140454212964,"['BMI', '# cyclist races', 'birth_year', 'std_dev position']"
complete,[2676  187 3232],3,0.1340678334663899,0.39615915645955047,"['BMI', '# cyclist races', 'birth_year', 'std_dev position']"
average,[   8    4   35    1   52   34 1936 4025],8,0.1339834787238392,0.5717140454212964,"['BMI', '# cyclist races', 'birth_year', 'std_dev position']"
complete,[ 974  188 2277 2656],4,0.13396936382501337,0.46601319342003034,"['BMI', 'AVG position', '# cyclist races', 'birth_year']"
average,[ 658   56    1   28 5350    1    1],7,0.1335268083935457,0.6465653843976875,"['BMI', 'AVG position', 'birth_year', 'std_dev position']"
complete,[ 300 1161 1761 1789 1084],5,0.13226617289356588,0.4520668779371444,"['BMI', 'AVG position', '# cyclist races', 'std_dev position']"
complete,[ 348  626  188  660 1617 1420 1236],7,0.13152097782834746,0.46601319342003034,"['BMI', 'AVG position', '# cyclist races', 'birth_year']"
complete,[ 532  411  561 1160 1904 1527],6,0.1308891005695439,0.4590952615620475,"['BMI', 'birth_year', 'std_dev position']"
average,[   4   44  924   38 5084    1],6,0.1307267257863649,0.611377556681824,"['BMI', 'AVG position', '# cyclist races', 'birth_year', 'std_dev position']"
complete,[ 312  352 1048 1409  279 2695],6,0.13037416833016005,0.4665564083232723,"['BMI', 'AVG position', 'birth_year']"
single,[   3 6088    1    1    1    1],6,0.12772036424637204,0.3414738967914501,"['AVG position', 'birth_year', 'std_dev position']"
complete,[ 300  116 1045 1761 1789 1084],6,0.12558079555830748,0.4520668779371444,"['BMI', 'AVG position', '# cyclist races', 'std_dev position']"
complete,[ 588  499   21 2241  834  849  938  125],8,0.12492359529983273,0.4489727506719523,"['BMI', 'AVG position', 'std_dev position']"
average,[   2   14  280    1   25   78 5695],7,0.1248831188758521,0.6516154459179844,"['BMI', 'AVG position', '# cyclist races', 'std_dev position']"
complete,[ 943  561 1160 1904 1527],5,0.12411182556159868,0.4590952615620475,"['BMI', 'birth_year', 'std_dev position']"
average,[  13    6   59    8    3 6006],6,0.12408917778106182,0.6193034220308264,"['BMI', 'birth_year', 'std_dev position']"
average,[   2   14    3  277    1   25   78 5695],8,0.12196649079331627,0.6516154459179844,"['BMI', 'AVG position', '# cyclist races', 'std_dev position']"
average,[   4   44  924   38  425 4659    1],7,0.12042597957363615,0.611377556681824,"['BMI', 'AVG position', '# cyclist races', 'birth_year', 'std_dev position']"
complete,[ 532  411  561  232  928 1904 1527],7,0.11909456508461895,0.4590952615620475,"['BMI', 'birth_year', 'std_dev position']"
average,[   3    1   44  924   38  425 4659    1],8,0.11759808590828291,0.611377556681824,"['BMI', 'AVG position', '# cyclist races', 'birth_year', 'std_dev position']"
complete,[ 300 1161 1761 2873],4,0.11712867345178324,0.4520668779371444,"['BMI', 'AVG position', '# cyclist races', 'std_dev position']"
complete,[ 532  411   10  551  232  928 1904 1527],8,0.11695891450989189,0.4590952615620475,"['BMI', 'birth_year', 'std_dev position']"
complete,[ 149 2526  229  230 2961],5,0.11548838907027976,0.46095406180265636,"['BMI', 'AVG position', '# cyclist races']"
complete,[ 348  626  188  660 1617 1420   11 1225],8,0.1149474467619366,0.46601319342003034,"['BMI', 'AVG position', '# cyclist races', 'birth_year']"
average,[  15   21   62  741 5174   68   14],7,0.11453426814201427,0.6722963856276443,"['BMI', '# cyclist races', 'birth_year']"
single,[   1    1 6089    1    1    1    1],7,0.11382992242288431,0.4115054722727971,"['AVG position', '# cyclist races', 'birth_year']"
complete,[ 580 2511 3004],3,0.11352542897580595,0.46373518702773603,"['BMI', 'AVG position', 'birth_year', 'std_dev position']"
complete,[ 664 2457  279 2695],4,0.10965436704074126,0.4665564083232723,"['BMI', 'AVG position', 'birth_year']"
complete,[ 300  116 1045 1761 1789  208  876],7,0.10916089943315921,0.4520668779371444,"['BMI', 'AVG position', '# cyclist races', 'std_dev position']"
complete,[ 525 2610 2960],3,0.10647977153774953,0.3836319706153926,"['BMI', 'AVG position', '# cyclist races', 'birth_year', 'std_dev position']"
average,[   8    1    5    2  932 5090   28   29],8,0.10480609635023401,0.5925674235223514,"['BMI', 'AVG position', '# cyclist races', 'birth_year']"
average,[  13    6    8   51    8    3 6006],7,0.10277204954768798,0.6193034220308264,"['BMI', 'birth_year', 'std_dev position']"
single,[   3    2 6085    1    1    1    1    1],8,0.10206206594991363,0.3414738967914501,"['AVG position', 'birth_year', 'std_dev position']"
single,[   3 6087    1    1    1    1    1],7,0.10145654176796375,0.3414738967914501,"['AVG position', 'birth_year', 'std_dev position']"
complete,[ 525  557 2053  687 1037 1236],6,0.10144879614436185,0.3836319706153926,"['BMI', 'AVG position', '# cyclist races', 'birth_year', 'std_dev position']"
complete,[1530 1146  187  201 3031],5,0.10031733871679568,0.39615915645955047,"['BMI', '# cyclist races', 'birth_year', 'std_dev position']"
complete,[ 974  188 2277 1420 1236],5,0.09937538818467312,0.46601319342003034,"['BMI', 'AVG position', '# cyclist races', 'birth_year']"
complete,[ 150  430 2511 2012  992],5,0.0992574360949879,0.46373518702773603,"['BMI', 'AVG position', 'birth_year', 'std_dev position']"
average,[4984   25    9 1007   65    1    3    1],8,0.09830795700707863,0.607734959503142,"['BMI', 'AVG position', 'birth_year']"
complete,[1530   19 1127  187  201 3031],6,0.09451800368802912,0.39615915645955047,"['BMI', '# cyclist races', 'birth_year', 'std_dev position']"
complete,[1530   19 1127  187  201  330 1201 1500],8,0.09357242490052645,0.39615915645955047,"['BMI', '# cyclist races', 'birth_year', 'std_dev position']"
complete,[ 300  116 1045 1653  108 1789  208  876],8,0.09264814644485633,0.4520668779371444,"['BMI', 'AVG position', '# cyclist races', 'std_dev position']"
single,[   1    1 6088    1    1    1    1    1],8,0.09170190172970091,0.4115054722727971,"['AVG position', '# cyclist races', 'birth_year']"
complete,[ 525 2610  687 2273],4,0.09119697836014566,0.3836319706153926,"['BMI', 'AVG position', '# cyclist races', 'birth_year', 'std_dev position']"
complete,[ 525 2610  687 1037 1236],5,0.09075642733298664,0.3836319706153926,"['BMI', 'AVG position', '# cyclist races', 'birth_year', 'std_dev position']"
complete,[ 150  430 2511 2012  801  191],6,0.08993927983467354,0.46373518702773603,"['BMI', 'AVG position', 'birth_year', 'std_dev position']"
average,[  15   21   48   14  741 5174   68   14],8,0.08976906201921803,0.6722963856276443,"['BMI', '# cyclist races', 'birth_year']"
complete,[  62  463  557  635 1418  687 1037 1236],8,0.0895325933481827,0.3836319706153926,"['BMI', 'AVG position', '# cyclist races', 'birth_year', 'std_dev position']"
complete,[1087   21 3075  849 1063],5,0.08483622875534046,0.4489727506719523,"['BMI', 'AVG position', 'std_dev position']"
average,[   8    4   36   52   34 5961],6,0.08440885075864522,0.5717140454212964,"['BMI', '# cyclist races', 'birth_year', 'std_dev position']"
complete,[ 505 1168 4422],3,0.08437449418015718,0.49287790979590473,"['AVG position', 'birth_year', 'std_dev position']"
complete,[  62  463  557 2053  687 1037 1236],7,0.08359698233252538,0.3836319706153926,"['BMI', 'AVG position', '# cyclist races', 'birth_year', 'std_dev position']"
complete,[ 150  430 2511  470 1542  801  191],7,0.08266921565099081,0.46373518702773603,"['BMI', 'AVG position', 'birth_year', 'std_dev position']"
complete,[ 150  430   20 2491  470 1542  801  191],8,0.08206259654842545,0.46373518702773603,"['BMI', 'AVG position', 'birth_year', 'std_dev position']"
average,[   8    4   35    1   52   34 5961],7,0.08178872630928025,0.5717140454212964,"['BMI', '# cyclist races', 'birth_year', 'std_dev position']"
average,[   9    5    2 6022   28   29],6,0.07711586194085988,0.5925674235223514,"['BMI', 'AVG position', '# cyclist races', 'birth_year']"
complete,[2676  187  201 3031],4,0.0766803760432748,0.39615915645955047,"['BMI', '# cyclist races', 'birth_year', 'std_dev position']"
complete,[1530   19 1127  187  201  330 2701],7,0.0765472044520688,0.39615915645955047,"['BMI', '# cyclist races', 'birth_year', 'std_dev position']"
average,[   8    1    5    2 6022   28   29],7,0.07388123134845762,0.5925674235223514,"['BMI', 'AVG position', '# cyclist races', 'birth_year']"
complete,[ 943  561 4591],3,0.06989415192748877,0.4590952615620475,"['BMI', 'birth_year', 'std_dev position']"
complete,[ 312  352 2457  279 2695],5,0.06985482602443266,0.4665564083232723,"['BMI', 'AVG position', 'birth_year']"
complete,[ 943  561 1160 3431],4,0.06355618810634177,0.4590952615620475,"['BMI', 'birth_year', 'std_dev position']"
single,[   2 6088    1    1    1    1    1],7,0.06146209270178463,0.3214122481105313,"['AVG position', '# cyclist races', 'birth_year', 'std_dev position']"
single,[   1    1 6088    1    1    1    1    1],8,0.05987031453791529,0.3214122481105313,"['AVG position', '# cyclist races', 'birth_year', 'std_dev position']"
